{
  "Logistic Regression": {
    "roc_auc": 0.816144253454668,
    "pr_auc": 0.437647017832668,
    "cv_mean": 0.8159783694005203,
    "cv_std": 0.01674160509817753,
    "report": {
      "0": {
        "precision": 0.8540772532188842,
        "recall": 0.961352657004831,
        "f1-score": 0.9045454545454545,
        "support": 414.0
      },
      "1": {
        "precision": 0.5294117647058824,
        "recall": 0.20930232558139536,
        "f1-score": 0.3,
        "support": 86.0
      },
      "accuracy": 0.832,
      "macro avg": {
        "precision": 0.6917445089623833,
        "recall": 0.5853274912931131,
        "f1-score": 0.6022727272727273,
        "support": 500.0
      },
      "weighted avg": {
        "precision": 0.7982347891946479,
        "recall": 0.832,
        "f1-score": 0.8005636363636364,
        "support": 500.0
      }
    },
    "confusion": [
      [
        398,
        16
      ],
      [
        68,
        18
      ]
    ]
  },
  "Random Forest": {
    "roc_auc": 0.8001909897764296,
    "pr_auc": 0.46615440034774014,
    "cv_mean": 0.7728414957920865,
    "cv_std": 0.010510665002964477,
    "report": {
      "0": {
        "precision": 0.8367346938775511,
        "recall": 0.9903381642512077,
        "f1-score": 0.9070796460176991,
        "support": 414.0
      },
      "1": {
        "precision": 0.6,
        "recall": 0.06976744186046512,
        "f1-score": 0.125,
        "support": 86.0
      },
      "accuracy": 0.832,
      "macro avg": {
        "precision": 0.7183673469387755,
        "recall": 0.5300528030558364,
        "f1-score": 0.5160398230088495,
        "support": 500.0
      },
      "weighted avg": {
        "precision": 0.7960163265306124,
        "recall": 0.832,
        "f1-score": 0.7725619469026549,
        "support": 500.0
      }
    },
    "confusion": [
      [
        410,
        4
      ],
      [
        80,
        6
      ]
    ]
  },
  "Gradient Boosting": {
    "roc_auc": 0.7912874957869902,
    "pr_auc": 0.47447029464885493,
    "cv_mean": 0.7495723434298618,
    "cv_std": 0.033338916613629394,
    "report": {
      "0": {
        "precision": 0.8596112311015118,
        "recall": 0.961352657004831,
        "f1-score": 0.9076396807297605,
        "support": 414.0
      },
      "1": {
        "precision": 0.5675675675675675,
        "recall": 0.2441860465116279,
        "f1-score": 0.34146341463414637,
        "support": 86.0
      },
      "accuracy": 0.838,
      "macro avg": {
        "precision": 0.7135893993345397,
        "recall": 0.6027693517582294,
        "f1-score": 0.6245515476819534,
        "support": 500.0
      },
      "weighted avg": {
        "precision": 0.8093797209736733,
        "recall": 0.838,
        "f1-score": 0.8102573629613149,
        "support": 500.0
      }
    },
    "confusion": [
      [
        398,
        16
      ],
      [
        65,
        21
      ]
    ]
  }
}